Age,Gender,Union,M_Status,Education,Reason of unemployment,Desiered Profession,Previous Training,Willing for desired profession,Finincial Capability,Source of fund/no,Govt Seaftynet,EBEK,EBEK-Service
18,Female,Garidaho,Unmarried,SSC,Financial Problem,Outsourcing,No,Yes,No,Relatives,No,No,
32,Female,Garidaho,Widow,SSC,Financial Problem,Tailoring,No,Yes,No,Relatives,No,No,
34,Female,Garidaho,Married,SSC,Lack of Skills,ICT Technician,No,Yes,No,Relatives,No,No,
20,Female,Garidaho,Unmarried,Class 45,Lack of Skills,Tailoring,No,Yes,No,NGO,No,No,
25,Female,Garidaho,Married,Class 67,Lack of Skills,Beef Fatenning,No,Yes,No,NGO,No,No,
19,Female,Garidaho,Married,Class 82,Lack of Skills,Driver,No,Yes,No,NGO,No,No,
23,Female,Garidaho,Married,Below Class 24,Lack of Skills,Bekary Technician,No,Yes,No,NGO,No,No,
19,Female,Garidaho,Unmarried,Alim,Financial Problem,Tissue Culture Technician,No,Yes,No,NGO,No,No,
19,Female,Garidaho,Unmarried,Alim,Financial Problem,Animal Husbandry,No,Yes,No,NGO,No,No,
18,Female,Garidaho,Unmarried,HSC,Lack of Employment,ICT Technician,No,Yes,No,NGO,No,No,
27,Female,Garidaho,Unmarried,HSC,Lack of Skills,ICT Technician,No,Yes,No,NGO,No,No,
20,Female,Garidaho,Unmarried,HSC,Financial Problem,Electrician,No,Yes,No,NGO,No,No,
20,Female,Garidaho,Unmarried,HSC,Lack of Employment,Beef Fatenning,No,Yes,No,NGO,No,No,
23,Female,Garidaho,Married,HSC,Financial Problem,Electrician,No,Yes,No,NGO,No,No,
22,Female,Garidaho,Married,HSC,Financial Problem,Electrician,No,Yes,No,NGO,No,No,
35,Female,Garidaho,Married,HSC,Financial Problem,RSS Fish Farming,No,Yes,No,NGO,No,No,
22,Female,Garidaho,Unmarried,SSC,Lack of Employment,ICT Technician,No,Yes,No,NGO,No,No,
22,Female,Garidaho,Unmarried,Dakhil,Financial Problem,Beef Fatenning,No,Yes,No,NGO,No,No,
29,Female,Garidaho,Married,Class 60,Lack of Skills,Electrician,No,Yes,No,Village Society,No,No,
29,Female,Garidaho,Married,Class 62,Lack of Skills,Electrician,No,Yes,No,Village Society,No,No,
23,Female,Garidaho,Unmarried,Honours,Financial Problem,ICT Technician,No,Yes,No,Village Society,No,No,
24,Female,Garidaho,Married,Honours,Lack of Skills,Veterinary Doctor,No,Yes,No,Village Society,No,No,
19,Female,Garidaho,Unmarried,Class 11,Financial Problem,Electrician,No,Yes,No,Bank,No,No,
34,Female,Garidaho,Unmarried,Class 18,Lack of Skills,Beef Fatenning,No,Yes,No,Bank,No,No,
25,Female,Garidaho,Unmarried,Class 24,Lack of Employment,Driver,No,Yes,No,Bank,No,No,
21,Female,Garidaho,Unmarried,Class 27,Lack of Skills,Driver,No,Yes,No,Bank,No,No,
24,Female,Garidaho,Unmarried,Class 28,Lack of Skills,Driver,No,Yes,No,Bank,Yes,No,
18,Female,Garidaho,Unmarried,Class 43,Lack of Skills,Tailoring,No,Yes,No,Bank,No,No,
19,Female,Garidaho,Unmarried,Class 44,Lack of Skills,Tailoring,No,Yes,No,Bank,No,No,
18,Female,Garidaho,Divorcy,Class 50,Lack of Skills,Tailoring,No,Yes,No,Bank,No,No,
30,Female,Garidaho,Divorcy,Class 51,Lack of Skills,Tailoring,No,Yes,No,Bank,No,Yes,??
18,Female,Garidaho,Married,Class 84,Financial Problem,Tailoring,No,Yes,No,Bank,No,No,
19,Female,Garidaho,Unmarried,Below Class 10,Lack of Skills,Driver,No,Yes,No,Bank,No,No,
19,Female,Garidaho,Unmarried,Alim,Lack of Skills,ICT Technician,No,Yes,No,Bank,No,No,
19,Female,Garidaho,Unmarried,Alim,Financial Problem,Driver,No,Yes,No,Bank,No,No,
18,Female,Garidaho,Unmarried,Alim,Lack of Employment,Driver,No,Yes,No,Bank,No,No,
18,Female,Garidaho,Unmarried,Alim,Lack of Skills,Driver,No,Yes,No,Bank,No,No,
18,Female,Garidaho,Unmarried,HSC,Lack of Employment,Others,No,Yes,No,Bank,No,No,
25,Female,Garidaho,Unmarried,HSC,Lack of Employment,ICT Technician,No,Yes,No,Bank,No,No,
23,Female,Garidaho,Unmarried,HSC,Lack of Employment,ICT Technician,No,Yes,No,Bank,No,No,
20,Female,Garidaho,Unmarried,HSC,Lack of Employment,ICT Technician,No,Yes,No,Bank,No,No,
23,Female,Garidaho,Unmarried,HSC,Lack of Employment,ICT Technician,No,Yes,No,Bank,No,,
22,Female,Garidaho,Unmarried,HSC,Lack of Employment,ICT Technician,No,Yes,No,Bank,No,No,
19,Female,Garidaho,Unmarried,HSC,Lack of Employment,ICT Technician,No,Yes,No,Bank,No,No,
19,Female,Garidaho,Unmarried,HSC,Lack of Skills,ICT Technician,No,Yes,No,Bank,No,No,
22,Female,Garidaho,Unmarried,HSC,Lack of Employment,Outsourcing,Yes,Yes,No,Bank,No,No,
21,Female,Garidaho,Unmarried,HSC,Financial Problem,Electrician,No,Yes,No,Bank,No,No,
19,Female,Garidaho,Unmarried,HSC,Financial Problem,Electrician,No,Yes,No,Bank,No,No,
20,Female,Garidaho,Unmarried,HSC,Lack of Skills,Driver,No,Yes,No,Bank,No,No,
19,Female,Garidaho,Married,HSC,Lack of Employment,ICT Technician,No,Yes,No,Bank,No,No,
26,Female,Garidaho,Married,HSC,Lack of Employment,Driver,No,Yes,No,Bank,Yes,No,
18,Female,Garidaho,Unmarried,SSC,Lack of Skills,Electrician,No,Yes,No,Bank,Yes,No,
18,Female,Garidaho,Unmarried,SSC,Financial Problem,Electrician,No,Yes,No,Bank,No,No,
18,Female,Garidaho,Unmarried,SSC,Lack of Skills,Driver,No,Yes,No,Bank,No,No,
30,Female,Garidaho,Divorcy,SSC,Financial Problem,Tailoring,No,Yes,No,Bank,No,No,
24,Female,Garidaho,Married,SSC,Lack of Employment,Driver,No,Yes,No,Bank,No,No,
32,Female,Garidaho,Married,SSC,Lack of Skills,Chicken-Duck Farming,No,Yes,No,Bank,No,No,
23,Female,Garidaho,Unmarried,Kamil,Lack of Employment,ICT Technician,No,Yes,No,Bank,No,No,
26,Female,Garidaho,Unmarried,Kamil,Lack of Employment,ICT Technician,Yes,Yes,No,Bank,No,No,
20,Female,Garidaho,Unmarried,Technical,Lack of Employment,ICT Technician,No,Yes,No,Bank,No,No,
20,Female,Garidaho,Unmarried,Technical,Lack of Skills,Electrician,No,Yes,No,Bank,No,No,
27,Female,Garidaho,Married,Masters,Lack of Employment,ICT Technician,Yes,Yes,No,Bank,No,No,
31,Female,Garidaho,Married,Masters,Family Obstacles,ICT Technician,No,Yes,No,Bank,No,No,
27,Female,Garidaho,Married,Masters,Lack of Referance Person,Outsourcing,No,Yes,No,Bank,No,No,
28,Female,Garidaho,Married,Masters,Lack of Skills,Driver,No,Yes,No,Bank,Yes,No,
22,Female,Garidaho,Unmarried,Diploma,Lack of Referance Person,Others,No,Yes,Yes,,No,No,
25,Female,Garidaho,Unmarried,Diploma,Lack of Skills,Outsourcing,No,Yes,Yes,,No,No,
25,Female,Garidaho,Unmarried,Diploma,Favourable Profession Selection Problem,Outsourcing,No,Yes,Yes,,No,No,
22,Female,Garidaho,Married,Diploma,Lack of Skills,ICT Technician,No,Yes,Yes,,No,No,
17,Female,Garidaho,Unmarried,Class 10,Others,Electrician,No,Yes,Yes,,No,Yes,???? ?????
19,Female,Garidaho,Unmarried,Class 14,Lack of Skills,Electrician,No,Yes,Yes,,No,No,
25,Female,Garidaho,Unmarried,Class 17,Lack of Skills,Beef Fatenning,No,Yes,Yes,,No,No,
16,Female,Garidaho,Unmarried,Class 19,Others,Driver,No,Yes,Yes,,No,No,
18,Female,Garidaho,Unmarried,Class 21,Financial Problem,Driver,No,Yes,Yes,,No,No,
18,Female,Garidaho,Unmarried,Class 23,Financial Problem,Driver,No,Yes,Yes,,No,No,
19,Female,Garidaho,Unmarried,Class 30,Lack of Skills,Driver,No,Yes,Yes,,No,No,
18,Female,Garidaho,Unmarried,Class 32,Lack of Skills,Driver,No,Yes,Yes,,No,No,
19,Female,Garidaho,Unmarried,Class 37,Lack of Skills,Driver,No,Yes,Yes,,No,No,
19,Female,Garidaho,Unmarried,Class 38,Lack of Skills,Driver,No,Yes,Yes,,No,No,
30,Female,Garidaho,Divorcy,Class 49,Financial Problem,Tailoring,No,Yes,Yes,,No,No,
26,Female,Garidaho,Divorcy,Class 52,Lack of Skills,Tailoring,No,Yes,Yes,,No,No,
26,Female,Garidaho,Divorcy,Class 53,Lack of Referance Person,Tailoring,No,Yes,Yes,,No,No,
28,Female,Garidaho,Married,Class 63,Lack of Skills,Electrician,No,Yes,Yes,,No,No,
35,Female,Garidaho,Married,Class 73,Others,Veterinary Doctor,No,Yes,Yes,,No,Yes,Self
32,Female,Garidaho,Married,Class 76,Lack of Employment,Driver,No,Yes,Yes,,No,No,
26,Female,Garidaho,Married,Class 87,Lack of Skills,Tailoring,No,Yes,Yes,,No,No,
25,Female,Garidaho,Married,Class 89,Lack of Skills,Tailoring,No,Yes,Yes,,No,No,
30,Female,Garidaho,Married,Class 90,Lack of Skills,Tailoring,No,Yes,Yes,,No,No,
25,Female,Garidaho,Married,Class 91,Lack of Skills,Tailoring,No,Yes,Yes,,No,No,
25,Female,Garidaho,Married,Class 98,Lack of Skills,Tailoring,No,Yes,Yes,,No,Yes,?????
32,Female,Garidaho,Married,Class 101,Lack of Skills,Tailoring,No,Yes,Yes,,No,No,
33,Female,Garidaho,Married,Class 109,Lack of Skills,Animal Husbandry,No,Yes,Yes,,No,No,
28,Female,Garidaho,Married,Class 116,Lack of Skills,Butik-Embroidery,No,Yes,Yes,,No,No,
33,Female,Garidaho,Married,Class 117,Lack of Employment,Mens Parlour/Beautu Parlour,No,Yes,Yes,,No,No,
32,Female,Garidaho,Married,Class 121,Lack of Skills,Handicrafts,No,No,Yes,,No,No,
29,Female,Garidaho,Husband abandoned,Class 126,Lack of Referance Person,Hospitility Management,No,Yes,Yes,,No,No,
28,Female,Garidaho,Married,Below Class 18,Lack of Skills,Tailoring,No,Yes,Yes,,No,No,
30,Female,Garidaho,Married,Below Class 22,Lack of Skills,Tailoring,No,Yes,Yes,,No,No,
19,Female,Garidaho,Unmarried,Alim,Lack of Employment,ICT Technician,No,Yes,Yes,,No,No,
19,Female,Garidaho,Unmarried,Alim,Lack of Skills,ICT Technician,No,Yes,Yes,,No,No,
19,Female,Garidaho,Unmarried,Alim,Lack of Skills,ICT Technician,No,Yes,Yes,,No,No,
18,Female,Garidaho,Unmarried,Alim,Lack of Skills,ICT Technician,No,No,Yes,,No,No,
19,Female,Garidaho,Unmarried,Alim,Lack of Employment,Driver,No,Yes,Yes,,No,No,
33,Female,Garidaho,Married,Alim,Lack of Skills,Veterinary Doctor,No,Yes,Yes,,No,No,
20,Female,Garidaho,Married,Alim,Lack of Employment,Tailoring,No,Yes,Yes,,No,No,
19,Female,Garidaho,Unmarried,HSC,Lack of Referance Person,Others,No,Yes,Yes,,No,No,
22,Female,Garidaho,Unmarried,HSC,Lack of Employment,ICT Technician,No,Yes,Yes,,No,No,
18,Female,Garidaho,Unmarried,HSC,Lack of Employment,ICT Technician,No,Yes,Yes,,No,No,
22,Female,Garidaho,Unmarried,HSC,Lack of Employment,ICT Technician,No,Yes,Yes,,No,No,
20,Female,Garidaho,Unmarried,HSC,Lack of Employment,ICT Technician,No,Yes,Yes,,No,Yes,?? -?????/-
19,Female,Garidaho,Unmarried,HSC,Lack of Skills,ICT Technician,No,Yes,Yes,,No,No,
19,Female,Garidaho,Unmarried,HSC,Lack of Skills,ICT Technician,No,Yes,Yes,,No,No,
25,Female,Garidaho,Unmarried,HSC,Lack of Skills,ICT Technician,No,Yes,Yes,,No,Yes,???? ?????
18,Female,Garidaho,Unmarried,HSC,Lack of Skills,ICT Technician,No,Yes,Yes,,No,Yes,Nothing
18,Female,Garidaho,Unmarried,HSC,Lack of Skills,ICT Technician,No,Yes,Yes,,No,No,
22,Female,Garidaho,Unmarried,HSC,Lack of Skills,ICT Technician,No,Yes,Yes,,No,No,
19,Female,Garidaho,Unmarried,HSC,Lack of Skills,ICT Technician,No,Yes,Yes,,No,No,
26,Female,Garidaho,Unmarried,HSC,Lack of Skills,Driver,No,Yes,Yes,,No,No,
20,Female,Garidaho,Married,HSC,Lack of Skills,ICT Technician,No,Yes,Yes,,No,No,
23,Female,Garidaho,Married,HSC,Lack of Skills,ICT Technician,No,Yes,Yes,,No,No,
28,Female,Garidaho,Married,HSC,Lack of Skills,ICT Technician,No,Yes,Yes,,No,No,
20,Female,Garidaho,Married,HSC,Lack of Skills,ICT Technician,No,Yes,Yes,,No,No,
25,Female,Garidaho,Married,HSC,Lack of Referance Person,ICT Technician,No,Yes,Yes,,No,No,
31,Female,Garidaho,Married,HSC,Favourable Profession Selection Problem,Beef Fatenning,No,Yes,Yes,,No,Yes,Only Savings
32,Female,Garidaho,Married,HSC,Lack of Employment,Tailoring,No,Yes,Yes,,No,No,
29,Female,Garidaho,Married,HSC,Lack of Skills,Animal Husbandry,No,Yes,Yes,,No,No,
19,Female,Garidaho,Unmarried,SSC,Lack of Skills,ICT Technician,No,Yes,Yes,,No,No,
19,Female,Garidaho,Unmarried,SSC,Lack of Employment,Outsourcing,No,Yes,Yes,,No,No,
18,Female,Garidaho,Unmarried,SSC,Lack of Employment,Outsourcing,No,Yes,Yes,,No,No,
19,Female,Garidaho,Unmarried,SSC,Lack of Skills,Hospitility Management,No,Yes,Yes,,No,No,
19,Female,Garidaho,Unmarried,SSC,Lack of Skills,Electrician,No,No,Yes,,No,No,
20,Female,Garidaho,Unmarried,SSC,Lack of Employment,Driver,No,Yes,Yes,,No,No,
22,Female,Garidaho,Unmarried,SSC,Lack of Skills,Driver,No,Yes,Yes,,No,No,
18,Female,Garidaho,Unmarried,SSC,Lack of Skills,Driver,No,Yes,Yes,,No,Yes,??
32,Female,Garidaho,Married,SSC,Lack of Skills,Others,No,Yes,Yes,,No,No,
24,Female,Garidaho,Married,SSC,Favourable Profession Selection Problem,Driver,No,Yes,Yes,,No,No,
25,Female,Garidaho,Married,SSC,Family Obstacles,Tailoring,No,Yes,Yes,,No,No,
17,Female,Garidaho,Unmarried,Dakhil,Lack of Skills,Electrician,No,Yes,Yes,,No,No,
22,Female,Garidaho,Married,Fazil,Lack of Employment,Veterinary Doctor,No,Yes,Yes,,No,No,
21,Female,Garidaho,Unmarried,Honours,Lack of Employment,ICT Technician,No,Yes,Yes,,No,No,
27,Female,Garidaho,Unmarried,Honours,Lack of Employment,Veterinary Doctor,No,Yes,Yes,,No,No,
23,Female,Garidaho,Married,Honours,Lack of Skills,Driver,No,Yes,Yes,,No,No,
31,Female,Garidaho,Unmarried,Masters,Lack of Referance Person,Hospitility Management,No,Yes,Yes,,No,No,
30,Female,Garidaho,Married,Masters,Lack of Employment,Chicken-Duck Farming,Yes,Yes,Yes,,No,No,
28,Female,Vabanipub,Married,Class 80,Lack of Skills,Driver,No,Yes,Yes,,No,Yes,Loan
26,Female,Mirjapur,Married,HSC,Lack of Employment,Beef Fatenning,No,Yes,No,Bank,No,Yes,Loan
30,Female,Mirjapur,Married,SSC,Lack of Employment,Beef Fatenning,No,Yes,No,Bank,No,Yes,
35,Female,Mirjapur,Married,Class 105,Financial Problem,Animal Husbandry,No,Yes,Yes,,Yes,Yes,Loan
28,Female,Sherpur Pouroshava,Unmarried,Masters,Lack of Employment,RSS Fish Farming,No,Yes,No,Others,No,No,
34,Female,Simabari,Married,HSC,Lack of Employment,Veterinary Doctor,No,Yes,Yes,,No,Yes,Loan
29,Female,Sughat,Married,Class 112,Lack of Skills,Animal Husbandry,No,Yes,Yes,,No,Yes,?? ?????? ? ??? ??????? ?????
33,Male,Kusumbi,Married,Class 107,Financial Problem,Animal Husbandry,No,Yes,No,NGO,No,Yes,Loan
32,Male,Kusumbi,Married,Class 106,Financial Problem,Animal Husbandry,No,Yes,Yes,,No,Yes,Loan
23,Male,Kusumbi,Married,HSC,Financial Problem,Animal Husbandry,No,Yes,Yes,,No,Yes,Loan
31,Male,Kusumbi,Unmarried,Honours,Favourable Profession Selection Problem,Veterinary Doctor,No,Yes,Yes,,No,Yes,Loan
34,Male,Khamarkandi,Married,HSC,Financial Problem,Veterinary Doctor,Yes,Yes,No,Bank,No,Yes,Loan
18,Male,Garidaho,Unmarried,Below Class 8,Lack of Skills,Hospitility Management,No,Yes,No,Relatives,No,No,
19,Male,Garidaho,Unmarried,HSC,Lack of Employment,Electrician,No,Yes,No,Relatives,No,No,
19,Male,Garidaho,Unmarried,HSC,Lack of Employment,Driver,No,Yes,No,Relatives,No,Yes,Loan
19,Male,Garidaho,Unmarried,HSC,Lack of Employment,Driver,No,Yes,No,Relatives,No,No,
22,Male,Garidaho,Unmarried,Technical,Lack of Employment,Outsourcing,No,Yes,No,Relatives,Yes,No,
25,Male,Garidaho,Unmarried,Honours,Lack of Referance Person,ICT Technician,No,Yes,No,Relatives,No,No,
25,Male,Garidaho,Unmarried,Masters,Lack of Employment,Outsourcing,No,Yes,No,Relatives,No,No,
21,Male,Garidaho,Unmarried,Class 25,Lack of Employment,Driver,No,Yes,No,NGO,No,No,
20,Male,Garidaho,Unmarried,Class 26,Lack of Employment,Driver,No,Yes,No,NGO,No,No,
22,Male,Garidaho,Unmarried,Class 33,Lack of Skills,Driver,No,Yes,No,NGO,No,No,
19,Male,Garidaho,Unmarried,Class 41,Lack of Skills,Driver,No,Yes,No,NGO,No,No,
18,Male,Garidaho,Divorcy,Class 54,Lack of Skills,Mens Parlour/Beautu Parlour,No,Yes,No,NGO,No,No,
25,Male,Garidaho,Married,Class 66,Lack of Skills,Beef Fatenning,No,Yes,No,NGO,No,No,
35,Male,Garidaho,Married,Class 68,Lack of Skills,Beef Fatenning,No,Yes,No,NGO,No,No,
30,Male,Garidaho,Married,Class 102,Lack of Skills,Tailoring,No,Yes,No,NGO,No,No,
19,Male,Garidaho,Unmarried,Alim,Financial Problem,Animal Husbandry,No,Yes,No,NGO,No,No,
19,Male,Garidaho,Unmarried,HSC,Lack of Employment,ICT Technician,No,Yes,No,NGO,No,No,
22,Male,Garidaho,Unmarried,HSC,Lack of Skills,ICT Technician,No,Yes,No,NGO,No,No,
19,Male,Garidaho,Unmarried,HSC,Lack of Skills,Driver,No,Yes,No,NGO,No,No,
18,Male,Garidaho,Married,HSC,Lack of Skills,ICT Technician,No,Yes,No,NGO,No,No,
21,Male,Garidaho,Married,HSC,Lack of Skills,Outsourcing,No,Yes,No,NGO,No,No,
21,Male,Garidaho,Married,HSC,Lack of Employment,Mobile Servicing Technician,No,Yes,No,NGO,No,No,
21,Male,Garidaho,Unmarried,SSC,Lack of Employment,Veterinary Doctor,No,Yes,No,NGO,No,No,
19,Male,Garidaho,Unmarried,SSC,Financial Problem,Driver,No,Yes,No,NGO,No,No,
18,Male,Garidaho,Unmarried,SSC,Lack of Skills,Tailoring,No,Yes,No,NGO,Yes,No,
30,Male,Garidaho,Married,SSC,Financial Problem,Butik-Embroidery,No,Yes,No,NGO,No,No,
18,Male,Garidaho,Unmarried,Fazil,Lack of Skills,Tailoring,No,Yes,No,NGO,No,No,
29,Male,Garidaho,Unmarried,Masters,Lack of Employment,ICT Technician,No,Yes,No,NGO,No,No,
29,Male,Garidaho,Married,Class 59,Lack of Skills,Electrician,No,Yes,No,Village Society,No,No,
29,Male,Garidaho,Married,Class 61,Lack of Skills,Electrician,No,Yes,No,Village Society,No,No,
25,Male,Garidaho,Married,Class 94,Lack of Skills,Tailoring,No,Yes,No,Village Society,No,No,
18,Male,Garidaho,Married,Class 115,Lack of Employment,Butik-Embroidery,No,Yes,No,Village Society,No,No,
31,Male,Garidaho,Married,Below Class 19,Lack of Skills,Tailoring,No,Yes,No,Village Society,No,Yes,BRACK NGO
22,Male,Garidaho,Unmarried,HSC,Lack of Skills,ICT Technician,Yes,Yes,No,Village Society,No,No,
20,Male,Garidaho,Unmarried,HSC,Financial Problem,Electrician,No,Yes,No,Village Society,No,No,
19,Male,Garidaho,Unmarried,HSC,Lack of Employment,AI,No,Yes,No,Village Society,No,Yes,?????
21,Male,Garidaho,Married,HSC,Lack of Employment,Butik-Embroidery,No,Yes,No,Village Society,No,No,
18,Male,Garidaho,Unmarried,SSC,Lack of Skills,ICT Technician,No,Yes,No,Village Society,No,No,
30,Male,Garidaho,Married,SSC,Lack of Skills,Tailoring,No,Yes,No,Village Society,No,No,
24,Male,Garidaho,Unmarried,Fazil,Financial Problem,Driver,No,Yes,No,Village Society,No,No,
21,Male,Garidaho,Unmarried,Class 34,Lack of Skills,Driver,No,Yes,No,Bank,No,No,
31,Male,Garidaho,Unmarried,Class 35,Lack of Skills,Driver,No,Yes,No,Bank,No,Yes,?? ??????
19,Male,Garidaho,Unmarried,Class 42,Lack of Skills,Driver,No,Yes,No,Bank,No,No,
35,Male,Garidaho,Widow,Class 55,Financial Problem,Tailoring,No,Yes,No,Bank,No,No,
27,Male,Garidaho,Married,Class 57,Lack of Skills,Hospitility Management,No,Yes,No,Bank,No,No,
30,Male,Garidaho,Married,Class 58,Lack of Employment,Electrician,No,Yes,No,Bank,No,No,
34,Male,Garidaho,Married,Class 74,Financial Problem,Veterinary Doctor,No,Yes,No,Bank,No,No,
27,Male,Garidaho,Married,Class 75,Lack of Employment,Driver,Yes,Yes,No,Bank,No,No,
25,Male,Garidaho,Married,Class 78,Lack of Skills,Driver,No,Yes,No,Bank,No,No,
33,Male,Garidaho,Married,Class 81,Lack of Skills,Driver,No,Yes,No,Bank,Yes,Yes,?? ? ?????? ???? ???? ????
30,Male,Garidaho,Married,Class 85,Lack of Employment,Tailoring,Yes,Yes,No,Bank,No,No,
19,Male,Garidaho,Married,Class 95,Lack of Skills,Tailoring,No,Yes,No,Bank,No,No,
35,Male,Garidaho,Married,Class 103,Lack of Skills,Tailoring,Yes,Yes,No,Bank,No,No,
33,Male,Garidaho,Married,Class 108,Financial Problem,Animal Husbandry,No,Yes,No,Bank,No,No,
21,Male,Garidaho,Married,Class 110,Lack of Skills,Animal Husbandry,No,Yes,No,Bank,No,No,
30,Male,Garidaho,Married,Class 120,Financial Problem,Baby Care,No,Yes,No,Bank,No,No,
19,Male,Garidaho,Married,Class 123,Lack of Skills,Chicken-Duck Farming,No,Yes,No,Bank,Yes,No,
26,Male,Garidaho,Separated,Below Class 12,Lack of Skills,Animal Husbandry,No,Yes,No,Bank,No,No,
21,Male,Garidaho,Married,Below Class 16,Lack of Skills,Driver,No,Yes,No,Bank,No,No,
18,Male,Garidaho,Unmarried,Alim,Lack of Skills,ICT Technician,No,Yes,No,Bank,No,No,
19,Male,Garidaho,Unmarried,Alim,Lack of Skills,ICT Technician,No,Yes,No,Bank,No,No,
20,Male,Garidaho,Unmarried,Alim,Lack of Skills,ICT Technician,No,Yes,No,Bank,Yes,No,
20,Male,Garidaho,Unmarried,Alim,Financial Problem,Electrician,No,Yes,No,Bank,No,No,
21,Male,Garidaho,Unmarried,Alim,Lack of Employment,Veterinary Doctor,No,Yes,No,Bank,No,No,
20,Male,Garidaho,Unmarried,Alim,Lack of Employment,Driver,No,Yes,No,Bank,Yes,No,
19,Male,Garidaho,Unmarried,Alim,Lack of Skills,Driver,No,Yes,No,Bank,No,No,
19,Male,Garidaho,Unmarried,Alim,Lack of Skills,Tailoring,No,Yes,No,Bank,No,No,
28,Male,Garidaho,Divorcy,Alim,Lack of Employment,Animal Husbandry,No,Yes,No,Bank,No,No,
18,Male,Garidaho,Unmarried,HSC,Lack of Skills,Others,No,Yes,No,Bank,No,No,
22,Male,Garidaho,Unmarried,HSC,Lack of Skills,Others,No,Yes,No,Bank,No,No,
20,Male,Garidaho,Unmarried,HSC,Financial Problem,ICT Technician,No,Yes,No,Bank,No,No,
22,Male,Garidaho,Unmarried,HSC,Financial Problem,ICT Technician,No,Yes,No,Bank,No,No,
22,Male,Garidaho,Unmarried,HSC,Financial Problem,ICT Technician,No,Yes,No,Bank,No,No,
18,Male,Garidaho,Unmarried,HSC,Financial Problem,ICT Technician,No,Yes,No,Bank,Yes,No,
24,Male,Garidaho,Unmarried,HSC,Lack of Employment,ICT Technician,No,Yes,No,Bank,No,No,
26,Male,Garidaho,Unmarried,HSC,Lack of Employment,ICT Technician,No,Yes,No,Bank,No,No,
25,Male,Garidaho,Unmarried,HSC,Lack of Employment,ICT Technician,No,Yes,No,Bank,No,No,
18,Male,Garidaho,Unmarried,HSC,Lack of Employment,ICT Technician,No,Yes,No,Bank,No,No,
21,Male,Garidaho,Unmarried,HSC,Lack of Employment,ICT Technician,Yes,Yes,No,Bank,No,No,
22,Male,Garidaho,Unmarried,HSC,Lack of Skills,ICT Technician,No,Yes,No,Bank,No,No,
22,Male,Garidaho,Unmarried,HSC,Lack of Skills,ICT Technician,No,Yes,No,Bank,No,No,
20,Male,Garidaho,Unmarried,HSC,Lack of Skills,ICT Technician,No,Yes,No,Bank,No,No,
19,Male,Garidaho,Unmarried,HSC,Lack of Skills,ICT Technician,No,Yes,No,Bank,No,No,
20,Male,Garidaho,Unmarried,HSC,Financial Problem,Outsourcing,No,Yes,No,Bank,Yes,Yes,Loan
21,Male,Garidaho,Unmarried,HSC,Financial Problem,Outsourcing,No,Yes,No,Bank,No,No,
22,Male,Garidaho,Unmarried,HSC,Lack of Employment,Outsourcing,No,Yes,No,Bank,No,No,
20,Male,Garidaho,Unmarried,HSC,Lack of Skills,Outsourcing,No,Yes,No,Bank,No,No,
20,Male,Garidaho,Unmarried,HSC,Lack of Skills,Outsourcing,No,Yes,No,Bank,No,No,
21,Male,Garidaho,Unmarried,HSC,Lack of Skills,Electrician,Yes,Yes,No,Bank,No,No,
21,Male,Garidaho,Unmarried,HSC,Financial Problem,Electrician,No,Yes,No,Bank,No,No,
20,Male,Garidaho,Unmarried,HSC,Lack of Employment,Electrician,No,Yes,No,Bank,No,No,
21,Male,Garidaho,Unmarried,HSC,Lack of Employment,Electrician,No,Yes,No,Bank,No,No,
18,Male,Garidaho,Unmarried,HSC,Lack of Skills,Electrician,No,Yes,No,Bank,No,No,
22,Male,Garidaho,Unmarried,HSC,Lack of Employment,Beef Fatenning,No,Yes,No,Bank,No,No,
19,Male,Garidaho,Unmarried,HSC,Lack of Employment,Beef Fatenning,No,Yes,No,Bank,Yes,No,
20,Male,Garidaho,Unmarried,HSC,Lack of Skills,Veterinary Doctor,No,Yes,No,Bank,No,No,
21,Male,Garidaho,Unmarried,HSC,Financial Problem,Driver,Yes,Yes,No,Bank,No,No,
18,Male,Garidaho,Unmarried,HSC,Lack of Employment,Driver,No,Yes,No,Bank,No,Yes,
20,Male,Garidaho,Unmarried,HSC,Lack of Employment,Driver,No,Yes,No,Bank,No,No,
18,Male,Garidaho,Unmarried,HSC,Lack of Employment,Driver,No,Yes,No,Bank,Yes,No,
20,Male,Garidaho,Unmarried,HSC,Lack of Skills,Driver,No,Yes,No,Bank,No,No,
22,Male,Garidaho,Unmarried,HSC,Lack of Skills,Driver,No,Yes,No,Bank,No,No,
28,Male,Garidaho,Unmarried,HSC,Lack of Skills,Driver,No,Yes,No,Bank,No,No,
23,Male,Garidaho,Unmarried,HSC,Lack of Skills,Driver,No,Yes,No,Bank,No,No,
22,Male,Garidaho,Unmarried,HSC,Lack of Skills,Driver,No,Yes,No,Bank,No,No,
18,Male,Garidaho,Unmarried,HSC,Lack of Skills,Driver,No,Yes,No,Bank,No,No,
18,Male,Garidaho,Unmarried,HSC,Lack of Skills,Driver,No,Yes,No,Bank,No,No,
26,Male,Garidaho,Unmarried,HSC,Lack of Referance Person,Driver,No,Yes,No,Bank,No,No,
21,Male,Garidaho,Unmarried,HSC,Lack of Referance Person,Driver,No,Yes,No,Bank,No,No,
18,Male,Garidaho,Unmarried,HSC,Lack of Skills,Animal Husbandry,No,Yes,No,Bank,No,No,
22,Male,Garidaho,Unmarried,HSC,Lack of Skills,RSS Fish Farming,No,Yes,No,Bank,No,No,
21,Male,Garidaho,Widow,HSC,Financial Problem,Outsourcing,No,Yes,No,Bank,No,No,
20,Male,Garidaho,Married,HSC,Lack of Employment,ICT Technician,No,Yes,No,Bank,Yes,Yes,?? ?????? ? ????? ??? ??
22,Male,Garidaho,Married,HSC,Lack of Skills,ICT Technician,Yes,Yes,No,Bank,No,No,
25,Male,Garidaho,Married,HSC,Lack of Skills,Electrician,No,Yes,No,Bank,No,No,
27,Male,Garidaho,Married,HSC,Lack of Skills,Electrician,No,Yes,No,Bank,Yes,No,
25,Male,Garidaho,Married,HSC,Lack of Referance Person,Veterinary Doctor,No,Yes,No,Bank,No,No,
23,Male,Garidaho,Married,HSC,Financial Problem,Driver,No,Yes,No,Bank,No,No,
22,Male,Garidaho,Married,HSC,Lack of Skills,Mens Parlour/Beautu Parlour,No,Yes,No,Bank,No,No,
19,Male,Garidaho,Unmarried,SSC,Lack of Skills,ICT Technician,No,Yes,No,Bank,No,No,
23,Male,Garidaho,Unmarried,SSC,Lack of Employment,Outsourcing,No,Yes,No,Bank,No,Yes,??
22,Male,Garidaho,Unmarried,SSC,Lack of Skills,Outsourcing,No,Yes,No,Bank,No,No,
20,Male,Garidaho,Unmarried,SSC,Lack of Employment,Electrician,No,Yes,No,Bank,No,Yes,???? ?????
22,Male,Garidaho,Unmarried,SSC,Lack of Employment,Electrician,No,Yes,No,Bank,No,No,
18,Male,Garidaho,Unmarried,SSC,Lack of Skills,Electrician,No,Yes,No,Bank,No,No,
19,Male,Garidaho,Unmarried,SSC,Lack of Skills,Electrician,No,Yes,No,Bank,No,No,
20,Male,Garidaho,Unmarried,SSC,Financial Problem,Electrician,No,Yes,No,Bank,No,No,
19,Male,Garidaho,Unmarried,SSC,Lack of Employment,Veterinary Doctor,No,Yes,No,Bank,No,No,
18,Male,Garidaho,Unmarried,SSC,Financial Problem,Driver,No,Yes,No,Bank,No,No,
18,Male,Garidaho,Unmarried,SSC,Financial Problem,Driver,No,Yes,No,Bank,No,No,
22,Male,Garidaho,Unmarried,SSC,Lack of Employment,Driver,No,Yes,No,Bank,No,No,
22,Male,Garidaho,Unmarried,SSC,Lack of Skills,Driver,No,Yes,No,Bank,No,No,
18,Male,Garidaho,Unmarried,SSC,Lack of Skills,Driver,No,Yes,No,Bank,No,No,
18,Male,Garidaho,Unmarried,SSC,Lack of Skills,Driver,No,Yes,No,Bank,Yes,Yes,Activities is not start
18,Male,Garidaho,Unmarried,SSC,Lack of Skills,Driver,No,Yes,No,Bank,No,No,
18,Male,Garidaho,Unmarried,SSC,Lack of Skills,Driver,No,Yes,No,Bank,No,No,
20,Male,Garidaho,Unmarried,SSC,Lack of Referance Person,Driver,No,Yes,No,Bank,No,No,
34,Male,Garidaho,Married,SSC,Lack of Skills,Audio-Video/TV Technician,No,Yes,No,Bank,No,Yes,?? ??????
21,Male,Garidaho,Married,SSC,Financial Problem,ICT Technician,No,Yes,No,Bank,No,No,
26,Male,Garidaho,Married,SSC,Lack of Skills,Tailoring,Yes,Yes,No,Bank,No,No,
33,Male,Garidaho,Married,SSC,Lack of Employment,RSS Fish Farming,No,Yes,No,Bank,No,No,
27,Male,Garidaho,Unmarried,Kamil,Lack of Employment,ICT Technician,No,Yes,No,Bank,No,No,
33,Male,Garidaho,Married,Kamil,Lack of Referance Person,Imam Training,No,Yes,No,Bank,No,No,
22,Male,Garidaho,Unmarried,Technical,Lack of Employment,ICT Technician,No,Yes,No,Bank,No,No,
25,Male,Garidaho,Married,Technical,Lack of Skills,Automobile,No,Yes,No,Bank,No,No,
27,Male,Garidaho,Married,Technical,Lack of Employment,Others,No,Yes,No,Bank,Yes,No,
22,Male,Garidaho,Married,Technical,Lack of Skills,ICT Technician,No,Yes,No,Bank,No,No,
19,Male,Garidaho,Unmarried,Dakhil,Lack of Employment,ICT Technician,No,Yes,No,Bank,Yes,No,
18,Male,Garidaho,Unmarried,Dakhil,Lack of Skills,ICT Technician,No,Yes,No,Bank,No,No,
19,Male,Garidaho,Unmarried,Dakhil,Financial Problem,Outsourcing,No,Yes,No,Bank,No,No,
20,Male,Garidaho,Unmarried,Dakhil,Lack of Employment,Outsourcing,No,Yes,No,Bank,No,No,
21,Male,Garidaho,Unmarried,Dakhil,Lack of Employment,Electrician,No,Yes,No,Bank,No,No,
18,Male,Garidaho,Unmarried,Dakhil,Lack of Employment,Electrician,No,Yes,No,Bank,No,No,
18,Male,Garidaho,Unmarried,Dakhil,Lack of Skills,Electrician,No,Yes,No,Bank,No,No,
18,Male,Garidaho,Unmarried,Dakhil,Lack of Skills,Veterinary Doctor,No,Yes,No,Bank,No,No,
18,Male,Garidaho,Unmarried,Dakhil,Lack of Skills,Animal Husbandry,No,Yes,No,Bank,No,No,
28,Male,Garidaho,Married,Dakhil,Lack of Employment,Driver,No,Yes,No,Bank,No,No,
24,Male,Garidaho,Married,Dakhil,Lack of Skills,Tailoring,No,Yes,No,Bank,No,No,
24,Male,Garidaho,Unmarried,Fazil,Financial Problem,ICT Technician,No,Yes,No,Bank,No,No,
22,Male,Garidaho,Unmarried,Fazil,Lack of Skills,ICT Technician,No,Yes,No,Bank,Yes,No,
21,Male,Garidaho,Unmarried,Fazil,Lack of Skills,ICT Technician,No,Yes,No,Bank,No,No,
25,Male,Garidaho,Married,Fazil,Lack of Skills,ICT Technician,No,Yes,No,Bank,No,No,
23,Male,Garidaho,Unmarried,Honours,Financial Problem,ICT Technician,No,Yes,No,Bank,No,No,
24,Male,Garidaho,Unmarried,Honours,Lack of Employment,ICT Technician,No,Yes,No,Bank,No,No,
25,Male,Garidaho,Unmarried,Honours,Lack of Employment,ICT Technician,No,Yes,No,Bank,No,No,
25,Male,Garidaho,Unmarried,Honours,Lack of Employment,ICT Technician,No,Yes,No,Bank,No,No,
22,Male,Garidaho,Unmarried,Honours,Lack of Skills,ICT Technician,No,Yes,No,Bank,No,No,
20,Male,Garidaho,Unmarried,Honours,Lack of Skills,ICT Technician,No,Yes,No,Bank,No,No,
21,Male,Garidaho,Unmarried,Honours,Lack of Skills,ICT Technician,No,Yes,No,Bank,No,No,
26,Male,Garidaho,Unmarried,Honours,Lack of Skills,ICT Technician,No,Yes,No,Bank,No,Yes,Loan
28,Male,Garidaho,Unmarried,Honours,Lack of Employment,Driver,No,Yes,No,Bank,Yes,No,
22,Male,Garidaho,Divorcy,Honours,Lack of Employment,ICT Technician,No,Yes,No,Bank,Yes,No,
22,Male,Garidaho,Married,Honours,Lack of Skills,ICT Technician,Yes,Yes,No,Bank,No,No,
30,Male,Garidaho,Unmarried,Masters,Lack of Employment,ICT Technician,Yes,Yes,No,Bank,No,No,
26,Male,Garidaho,Unmarried,Masters,Lack of Employment,ICT Technician,No,Yes,No,Bank,No,No,
24,Male,Garidaho,Unmarried,Masters,Financial Problem,Beef Fatenning,No,Yes,No,Bank,No,No,
30,Male,Garidaho,Unmarried,Masters,Favourable Profession Selection Problem,Veterinary Doctor,No,Yes,No,Bank,No,No,
29,Male,Garidaho,Unmarried,Masters,Lack of Employment,Baby Care,Yes,Yes,No,Bank,No,No,
20,Male,Garidaho,Unmarried,,Lack of Employment,Electrician,No,Yes,Yes,,No,No,
18,Male,Garidaho,Unmarried,,Lack of Skills,Electrician,No,Yes,Yes,,No,No,
24,Male,Garidaho,Unmarried,Diploma,Lack of Referance Person,ICT Technician,No,Yes,Yes,,No,No,
22,Male,Garidaho,Married,Diploma,Financial Problem,Electrician,No,Yes,Yes,,No,No,
18,Male,Garidaho,Unmarried,Class 8,Financial Problem,Outsourcing,No,Yes,Yes,,No,No,
17,Male,Garidaho,Unmarried,Class 9,Lack of Referance Person,Imam Training,No,Yes,Yes,,No,Yes,???? ??????
20,Male,Garidaho,Unmarried,Class 12,Financial Problem,Electrician,No,Yes,Yes,,No,No,
22,Male,Garidaho,Unmarried,Class 13,Lack of Skills,Electrician,No,Yes,Yes,,No,No,
19,Male,Garidaho,Unmarried,Class 15,Lack of Skills,Electrician,Yes,No,Yes,,No,No,
19,Male,Garidaho,Unmarried,Class 16,Lack of Skills,Electrician,No,Yes,Yes,,No,No,
16,Male,Garidaho,Unmarried,Class 20,Others,Driver,No,Yes,Yes,,No,No,
18,Male,Garidaho,Unmarried,Class 22,Financial Problem,Driver,No,Yes,Yes,,No,No,
18,Male,Garidaho,Unmarried,Class 29,Lack of Skills,Driver,No,No,Yes,,No,No,
18,Male,Garidaho,Unmarried,Class 31,Lack of Skills,Driver,No,No,Yes,,No,No,
18,Male,Garidaho,Unmarried,Class 36,Lack of Skills,Driver,No,Yes,Yes,,No,No,
18,Male,Garidaho,Unmarried,Class 39,Lack of Skills,Driver,No,Yes,Yes,,No,No,
19,Male,Garidaho,Unmarried,Class 40,Lack of Skills,Driver,No,Yes,Yes,,No,No,
18,Male,Garidaho,Unmarried,Class 46,Lack of Skills,Tailoring,No,Yes,Yes,,No,No,
23,Male,Garidaho,Unmarried,Class 47,Lack of Skills,Animal Husbandry,No,Yes,Yes,,No,No,
20,Male,Garidaho,Unmarried,Class 48,Others,RSS Fish Farming,No,Yes,Yes,,No,No,
34,Male,Garidaho,Widow,Class 56,Lack of Employment,Tailoring,No,Yes,Yes,,No,No,
24,Male,Garidaho,Married,Class 64,Lack of Referance Person,Electrician,No,Yes,Yes,,No,No,
30,Male,Garidaho,Married,Class 65,Lack of Skills,Beef Fatenning,No,Yes,Yes,,No,Yes,???? ?????
30,Male,Garidaho,Married,Class 71,Lack of Skills,Beef Fatenning,No,Yes,Yes,,No,Yes,??- ?????/- ??? ? ??
25,Male,Garidaho,Married,Class 79,Lack of Skills,Driver,No,Yes,Yes,,No,No,
26,Male,Garidaho,Married,Class 83,Favourable Profession Selection Problem,Driver,No,Yes,Yes,,No,No,
30,Male,Garidaho,Married,Class 86,Lack of Skills,Tailoring,No,Yes,Yes,,No,No,
34,Male,Garidaho,Married,Class 88,Lack of Skills,Tailoring,No,Yes,Yes,,No,No,
24,Male,Garidaho,Married,Class 92,Lack of Skills,Tailoring,No,Yes,Yes,,No,No,
25,Male,Garidaho,Married,Class 93,Lack of Skills,Tailoring,No,Yes,Yes,,No,No,
28,Male,Garidaho,Married,Class 96,Lack of Skills,Tailoring,No,Yes,Yes,,No,No,
24,Male,Garidaho,Married,Class 97,Lack of Skills,Tailoring,No,Yes,Yes,,No,No,
18,Male,Garidaho,Married,Class 100,Lack of Skills,Tailoring,No,Yes,Yes,,No,Yes,Loan
34,Male,Garidaho,Married,Class 104,Lack of Skills,Pump Mechanic,No,Yes,Yes,,No,No,
34,Male,Garidaho,Married,Class 111,Lack of Skills,Animal Husbandry,No,Yes,Yes,,No,No,
36,Male,Garidaho,Married,Class 113,Lack of Referance Person,Animal Husbandry,No,Yes,Yes,,No,No,
28,Male,Garidaho,Married,Class 114,Others,Plumber,No,Yes,Yes,,No,No,
25,Male,Garidaho,Married,Class 118,Lack of Skills,Mens Parlour/Beautu Parlour,No,Yes,Yes,,No,No,
19,Male,Garidaho,Married,Class 119,Lack of Skills,Mens Parlour/Beautu Parlour,No,Yes,Yes,,No,No,
33,Male,Garidaho,Married,Class 122,Lack of Skills,Handicrafts,No,Yes,Yes,,No,No,
30,Male,Garidaho,Married,Class 124,Lack of Referance Person,Chicken-Duck Farming,No,Yes,Yes,,No,No,
19,Male,Garidaho,Husband abandoned,Class 125,Lack of Skills,Hospitility Management,No,Yes,Yes,,No,No,
30,Male,Garidaho,Husband abandoned,Class 127,Lack of Skills,Tailoring,No,Yes,Yes,,No,No,
28,Male,Garidaho,Husband abandoned,Class 128,Lack of Skills,Tailoring,No,Yes,Yes,,No,No,
18,Male,Garidaho,Unmarried,Below Class 9,Financial Problem,Driver,No,Yes,Yes,,Yes,No,
28,Male,Garidaho,Unmarried,Below Class 11,Lack of Skills,Animal Husbandry,No,Yes,Yes,,No,No,
34,Male,Garidaho,Married,Below Class 13,Lack of Skills,Hospitility Management,No,Yes,Yes,,Yes,No,
29,Male,Garidaho,Married,Below Class 14,Lack of Skills,Hospitility Management,No,Yes,Yes,,No,No,
30,Male,Garidaho,Married,Below Class 15,Lack of Skills,Hospitility Management,No,Yes,Yes,,No,No,
23,Male,Garidaho,Married,Below Class 17,Lack of Skills,Driver,No,Yes,Yes,,No,No,
30,Male,Garidaho,Married,Below Class 20,Lack of Skills,Tailoring,No,Yes,Yes,,Yes,No,
30,Male,Garidaho,Married,Below Class 21,Lack of Skills,Tailoring,No,Yes,Yes,,No,No,
35,Male,Garidaho,Married,Below Class 23,Lack of Skills,Butik-Embroidery,No,Yes,Yes,,No,No,
19,Male,Garidaho,Unmarried,Alim,Lack of Employment,ICT Technician,No,Yes,Yes,,No,No,
18,Male,Garidaho,Unmarried,Alim,Lack of Skills,Electrician,No,Yes,Yes,,No,No,
18,Male,Garidaho,Unmarried,Alim,Lack of Skills,Tailoring,No,Yes,Yes,,No,No,
19,Male,Garidaho,Unmarried,Alim,Lack of Skills,Tailoring,No,Yes,Yes,,No,No,
20,Male,Garidaho,Unmarried,Alim,Lack of Skills,Tailoring,No,Yes,Yes,,No,No,
21,Male,Garidaho,Unmarried,Alim,Financial Problem,Animal Husbandry,No,Yes,Yes,,No,No,
18,Male,Garidaho,Unmarried,Alim,Lack of Skills,Chicken-Duck Farming,No,Yes,Yes,,No,No,
22,Male,Garidaho,Married,Alim,Lack of Skills,Beef Fatenning,No,Yes,Yes,,No,No,
23,Male,Garidaho,Married,Alim,Lack of Employment,Veterinary Doctor,No,Yes,Yes,,No,No,
35,Male,Garidaho,Married,Alim,Lack of Employment,Pump Mechanic,No,Yes,Yes,,No,No,
19,Male,Garidaho,Unmarried,HSC,Lack of Referance Person,Others,No,Yes,Yes,,No,No,
22,Male,Garidaho,Unmarried,HSC,Financial Problem,ICT Technician,No,Yes,Yes,,No,No,
19,Male,Garidaho,Unmarried,HSC,Financial Problem,ICT Technician,No,Yes,Yes,,No,No,
19,Male,Garidaho,Unmarried,HSC,Financial Problem,ICT Technician,No,Yes,Yes,,Yes,No,
19,Male,Garidaho,Unmarried,HSC,Lack of Employment,ICT Technician,No,Yes,Yes,,No,No,
18,Male,Garidaho,Unmarried,HSC,Lack of Employment,ICT Technician,No,Yes,Yes,,No,No,
21,Male,Garidaho,Unmarried,HSC,Lack of Employment,ICT Technician,No,Yes,Yes,,No,No,
18,Male,Garidaho,Unmarried,HSC,Lack of Employment,ICT Technician,No,Yes,Yes,,No,No,
30,Male,Garidaho,Unmarried,HSC,Lack of Employment,ICT Technician,No,Yes,Yes,,No,No,
30,Male,Garidaho,Unmarried,HSC,Lack of Employment,ICT Technician,No,Yes,Yes,,No,No,
18,Male,Garidaho,Unmarried,HSC,Lack of Skills,ICT Technician,No,Yes,Yes,,No,No,
18,Male,Garidaho,Unmarried,HSC,Lack of Skills,ICT Technician,Yes,Yes,Yes,,No,No,
20,Male,Garidaho,Unmarried,HSC,Lack of Skills,ICT Technician,No,Yes,Yes,,No,No,
19,Male,Garidaho,Unmarried,HSC,Lack of Skills,ICT Technician,No,Yes,Yes,,No,No,
18,Male,Garidaho,Unmarried,HSC,Lack of Skills,ICT Technician,No,Yes,Yes,,No,No,
20,Male,Garidaho,Unmarried,HSC,Lack of Skills,ICT Technician,No,Yes,Yes,,No,No,
20,Male,Garidaho,Unmarried,HSC,Lack of Skills,ICT Technician,No,Yes,Yes,,No,No,
18,Male,Garidaho,Unmarried,HSC,Lack of Skills,ICT Technician,No,Yes,Yes,,No,No,
20,Male,Garidaho,Unmarried,HSC,Lack of Skills,ICT Technician,No,Yes,Yes,,No,No,
19,Male,Garidaho,Unmarried,HSC,Lack of Skills,ICT Technician,Yes,Yes,Yes,,No,No,
20,Male,Garidaho,Unmarried,HSC,Lack of Skills,ICT Technician,No,Yes,Yes,,No,No,
19,Male,Garidaho,Unmarried,HSC,Lack of Skills,ICT Technician,No,Yes,Yes,,No,No,
22,Male,Garidaho,Unmarried,HSC,Lack of Skills,ICT Technician,No,Yes,Yes,,No,No,
22,Male,Garidaho,Unmarried,HSC,Lack of Skills,ICT Technician,No,Yes,Yes,,No,No,
23,Male,Garidaho,Unmarried,HSC,Lack of Skills,ICT Technician,No,Yes,Yes,,No,No,
23,Male,Garidaho,Unmarried,HSC,Lack of Skills,ICT Technician,No,Yes,Yes,,No,No,
20,Male,Garidaho,Unmarried,HSC,Lack of Referance Person,ICT Technician,No,Yes,Yes,,No,No,
23,Male,Garidaho,Unmarried,HSC,Lack of Employment,Outsourcing,No,Yes,Yes,,No,Yes,Loan
20,Male,Garidaho,Unmarried,HSC,Lack of Employment,Outsourcing,No,Yes,Yes,,No,No,
20,Male,Garidaho,Unmarried,HSC,Lack of Skills,Outsourcing,No,Yes,Yes,,No,No,
22,Male,Garidaho,Unmarried,HSC,Lack of Skills,Outsourcing,No,Yes,Yes,,No,Yes,
19,Male,Garidaho,Unmarried,HSC,Lack of Skills,Outsourcing,No,Yes,Yes,,No,No,
18,Male,Garidaho,Unmarried,HSC,Financial Problem,Electrician,No,Yes,Yes,,No,No,
19,Male,Garidaho,Unmarried,HSC,Lack of Skills,Electrician,No,Yes,Yes,,No,No,
18,Male,Garidaho,Unmarried,HSC,Lack of Skills,Electrician,No,Yes,Yes,,No,No,
26,Male,Garidaho,Unmarried,HSC,Lack of Skills,Electrician,Yes,Yes,Yes,,No,No,
33,Male,Garidaho,Unmarried,HSC,Lack of Skills,Electrician,No,Yes,Yes,,No,Yes,Nothing
21,Male,Garidaho,Unmarried,HSC,Lack of Skills,Electrician,No,Yes,Yes,,No,No,
20,Male,Garidaho,Unmarried,HSC,Lack of Skills,Beef Fatenning,No,Yes,Yes,,No,No,
23,Male,Garidaho,Unmarried,HSC,Lack of Skills,Beef Fatenning,No,Yes,Yes,,No,No,
21,Male,Garidaho,Unmarried,HSC,Lack of Employment,Veterinary Doctor,Yes,Yes,Yes,,No,No,
23,Male,Garidaho,Unmarried,HSC,Financial Problem,Driver,No,Yes,Yes,,No,No,
21,Male,Garidaho,Unmarried,HSC,Lack of Employment,Driver,No,Yes,Yes,,No,No,????? ?????
21,Male,Garidaho,Unmarried,HSC,Lack of Employment,Driver,No,Yes,Yes,,No,Yes,????? ?????
22,Male,Garidaho,Unmarried,HSC,Lack of Employment,Driver,No,Yes,Yes,,No,No,
20,Male,Garidaho,Unmarried,HSC,Lack of Employment,Driver,No,Yes,Yes,,No,No,
25,Male,Garidaho,Unmarried,HSC,Lack of Employment,Driver,No,Yes,Yes,,No,No,
22,Male,Garidaho,Unmarried,HSC,Lack of Employment,Driver,No,Yes,Yes,,No,No,
19,Male,Garidaho,Unmarried,HSC,Lack of Skills,Driver,No,Yes,Yes,,No,No,
19,Male,Garidaho,Unmarried,HSC,Lack of Skills,Driver,No,Yes,Yes,,No,No,
18,Male,Garidaho,Unmarried,HSC,Lack of Skills,Driver,No,Yes,Yes,,No,No,
19,Male,Garidaho,Unmarried,HSC,Lack of Skills,Driver,No,Yes,Yes,,No,No,
18,Male,Garidaho,Unmarried,HSC,Lack of Skills,Driver,No,Yes,Yes,,No,No,
22,Male,Garidaho,Unmarried,HSC,Lack of Skills,Driver,No,Yes,Yes,,No,No,
21,Male,Garidaho,Unmarried,HSC,Lack of Skills,Driver,No,Yes,Yes,,No,No,
23,Male,Garidaho,Unmarried,HSC,Lack of Skills,Driver,No,Yes,Yes,,No,No,
20,Male,Garidaho,Unmarried,HSC,Lack of Employment,Pump Mechanic,No,Yes,Yes,,No,No,
28,Male,Garidaho,Unmarried,HSC,Lack of Skills,Mobile Servicing Technician,No,Yes,Yes,,No,No,
23,Male,Garidaho,Divorcy,HSC,Lack of Skills,Tailoring,No,Yes,Yes,,No,Yes,???? ?????
21,Male,Garidaho,Separated,HSC,Lack of Employment,ICT Technician,No,Yes,Yes,,No,No,
25,Male,Garidaho,Married,HSC,Lack of Skills,ICT Technician,No,Yes,Yes,,No,No,
30,Male,Garidaho,Married,HSC,Lack of Skills,AI,Yes,Yes,Yes,,No,No,
34,Male,Garidaho,Married,HSC,Lack of Skills,Veterinary Doctor,No,Yes,Yes,,No,No,
20,Male,Garidaho,Married,HSC,Lack of Employment,Driver,No,Yes,Yes,,No,No,
28,Male,Garidaho,Married,HSC,Lack of Skills,Driver,No,Yes,Yes,,No,No,
20,Male,Garidaho,Married,HSC,Lack of Skills,Driver,No,Yes,Yes,,No,No,
21,Male,Garidaho,Married,HSC,Lack of Skills,Driver,No,Yes,Yes,,No,No,
19,Male,Garidaho,Married,HSC,Lack of Referance Person,Driver,No,Yes,Yes,,No,No,
25,Male,Garidaho,Married,HSC,Lack of Skills,Animal Husbandry,No,Yes,Yes,,No,No,
18,Male,Garidaho,Unmarried,SSC,Financial Problem,ICT Technician,No,Yes,Yes,,No,No,
19,Male,Garidaho,Unmarried,SSC,Lack of Employment,ICT Technician,No,Yes,Yes,,No,No,
19,Male,Garidaho,Unmarried,SSC,Lack of Skills,ICT Technician,No,Yes,Yes,,No,No,
18,Male,Garidaho,Unmarried,SSC,Financial Problem,Outsourcing,No,Yes,Yes,,No,No,
18,Male,Garidaho,Unmarried,SSC,Lack of Skills,Outsourcing,No,Yes,Yes,,No,Yes,Loan
18,Male,Garidaho,Unmarried,SSC,Favourable Profession Selection Problem,Outsourcing,No,Yes,Yes,,No,No,
20,Male,Garidaho,Unmarried,SSC,Lack of Skills,Electrician,No,Yes,Yes,,No,No,
18,Male,Garidaho,Unmarried,SSC,Lack of Skills,Electrician,No,Yes,Yes,,No,,
20,Male,Garidaho,Unmarried,SSC,Lack of Skills,Electrician,No,Yes,Yes,,No,No,
18,Male,Garidaho,Unmarried,SSC,Favourable Profession Selection Problem,Beef Fatenning,No,Yes,Yes,,No,No,
19,Male,Garidaho,Unmarried,SSC,Financial Problem,Driver,No,Yes,Yes,,No,No,
20,Male,Garidaho,Unmarried,SSC,Financial Problem,Driver,No,Yes,Yes,,No,No,
19,Male,Garidaho,Unmarried,SSC,Financial Problem,Driver,No,Yes,Yes,,No,No,
19,Male,Garidaho,Unmarried,SSC,Lack of Employment,Driver,No,Yes,Yes,,No,No,
19,Male,Garidaho,Unmarried,SSC,Lack of Skills,Driver,No,Yes,Yes,,No,No,
18,Male,Garidaho,Unmarried,SSC,Lack of Skills,Driver,No,Yes,Yes,,No,No,
19,Male,Garidaho,Unmarried,SSC,Lack of Skills,Driver,No,Yes,Yes,,No,No,
18,Male,Garidaho,Unmarried,SSC,Lack of Skills,Driver,No,Yes,Yes,,No,No,
17,Male,Garidaho,Unmarried,SSC,Lack of Skills,Driver,No,Yes,Yes,,No,No,
18,Male,Garidaho,Unmarried,SSC,Lack of Skills,Tailoring,No,Yes,Yes,,No,No,
19,Male,Garidaho,Married,SSC,Lack of Employment,Outsourcing,No,Yes,Yes,,No,No,
22,Male,Garidaho,Married,SSC,Lack of Skills,Electrician,No,Yes,Yes,,No,No,
24,Male,Garidaho,Married,SSC,Lack of Employment,Driver,No,Yes,Yes,,No,No,
34,Male,Garidaho,Married,SSC,Lack of Skills,Driver,No,Yes,Yes,,No,No,
32,Male,Garidaho,Married,SSC,Lack of Skills,Driver,No,Yes,Yes,,No,No,
33,Male,Garidaho,Married,SSC,Lack of Skills,Driver,No,Yes,Yes,,No,No,
42,Male,Garidaho,Married,SSC,Lack of Referance Person,Driver,No,No,Yes,,No,No,
20,Male,Garidaho,Married,SSC,Lack of Skills,Tailoring,No,Yes,Yes,,No,No,
19,Male,Garidaho,Married,SSC,Lack of Skills,Tailoring,No,Yes,Yes,,No,No,
20,Male,Garidaho,Married,SSC,Lack of Referance Person,Tailoring,No,Yes,Yes,,No,No,
32,Male,Garidaho,Married,SSC,Lack of Referance Person,Baby Care,No,Yes,Yes,,No,No,
29,Male,Garidaho,Divorcy,Kamil,Lack of Employment,Tailoring,No,Yes,Yes,,No,No,
28,Male,Garidaho,Married,Kamil,Lack of Skills,ICT Technician,Yes,Yes,Yes,,No,No,
25,Male,Garidaho,Married,Kamil,Lack of Referance Person,ICT Technician,Yes,Yes,Yes,,No,Yes,"????? ,??? ???????"
27,Male,Garidaho,Married,Kamil,Lack of Skills,Tailoring,No,Yes,Yes,,No,No,
22,Male,Garidaho,Unmarried,Technical,Lack of Skills,Outsourcing,No,Yes,Yes,,No,No,
20,Male,Garidaho,Unmarried,Technical,Lack of Employment,Electrician,No,Yes,Yes,,No,Yes,Loan
19,Male,Garidaho,Unmarried,Dakhil,Lack of Employment,ICT Technician,No,Yes,Yes,,No,No,
18,Male,Garidaho,Unmarried,Dakhil,Lack of Skills,ICT Technician,No,Yes,Yes,,No,No,
18,Male,Garidaho,Unmarried,Dakhil,Lack of Skills,Outsourcing,No,Yes,Yes,,No,No,
18,Male,Garidaho,Unmarried,Dakhil,Lack of Skills,Driver,No,Yes,Yes,,No,No,
18,Male,Garidaho,Unmarried,Dakhil,Lack of Employment,Tailoring,No,Yes,Yes,,No,No,
18,Male,Garidaho,Unmarried,Dakhil,Lack of Skills,Tailoring,No,Yes,Yes,,Yes,No,??????
33,Male,Garidaho,Married,Dakhil,Lack of Skills,Driver,No,Yes,Yes,,No,No,
25,Male,Garidaho,Unmarried,Honours,Others,ICT Technician,No,Yes,Yes,,No,No,
22,Male,Garidaho,Unmarried,Honours,Lack of Employment,ICT Technician,No,Yes,Yes,,No,No,
19,Male,Garidaho,Unmarried,Honours,Lack of Employment,ICT Technician,No,Yes,Yes,,No,No,
23,Male,Garidaho,Unmarried,Honours,Lack of Skills,ICT Technician,No,Yes,Yes,,No,Yes,"Loan,sanchoy"
27,Male,Garidaho,Unmarried,Honours,Lack of Skills,ICT Technician,No,Yes,Yes,,No,No,
23,Male,Garidaho,Unmarried,Honours,Lack of Skills,ICT Technician,No,Yes,Yes,,No,No,
25,Male,Garidaho,Unmarried,Honours,Lack of Skills,Outsourcing,No,Yes,Yes,,No,No,
27,Male,Garidaho,Unmarried,Honours,Lack of Skills,Electrician,No,Yes,Yes,,No,No,
25,Male,Garidaho,Unmarried,Honours,Lack of Employment,Driver,No,Yes,Yes,,No,No,
32,Male,Garidaho,Married,Honours,Financial Problem,ICT Technician,No,Yes,Yes,,No,No,
29,Male,Garidaho,Married,Honours,Lack of Employment,ICT Technician,Yes,Yes,Yes,,Yes,No,
29,Male,Garidaho,Married,Honours,Lack of Employment,ICT Technician,Yes,Yes,Yes,,Yes,No,
21,Male,Garidaho,Married,Honours,Lack of Employment,ICT Technician,No,Yes,Yes,,No,No,
26,Male,Garidaho,Married,Honours,Lack of Referance Person,ICT Technician,No,Yes,Yes,,No,No,
34,Male,Garidaho,Married,Honours,Lack of Skills,Veterinary Doctor,No,Yes,Yes,,No,No,
27,Male,Garidaho,Unmarried,Masters,Lack of Referance Person,Auto-machine operator,No,No,Yes,,No,No,
26,Male,Garidaho,Unmarried,Masters,Lack of Employment,ICT Technician,No,Yes,Yes,,No,No,
27,Male,Garidaho,Unmarried,Masters,Lack of Employment,ICT Technician,No,Yes,Yes,,No,No,
26,Male,Garidaho,Unmarried,Masters,Lack of Employment,ICT Technician,Yes,Yes,Yes,,No,No,
22,Male,Garidaho,Unmarried,Masters,Lack of Employment,ICT Technician,Yes,Yes,Yes,,No,No,
25,Male,Garidaho,Unmarried,Masters,Lack of Employment,Outsourcing,No,Yes,Yes,,No,No,
23,Male,Garidaho,Unmarried,Masters,Lack of Skills,Tissue Culture Technician,No,Yes,Yes,,No,No,
32,Male,Garidaho,Unmarried,Masters,Favourable Profession Selection Problem,Driver,No,Yes,Yes,,No,No,
29,Male,Garidaho,Married,Masters,Lack of Employment,ICT Technician,Yes,Yes,Yes,,No,No,
28,Male,Garidaho,Married,Masters,Lack of Referance Person,Hospitility Management,No,Yes,Yes,,No,No,
35,Male,Garidaho,Married,Masters,Lack of Employment,Beef Fatenning,No,Yes,Yes,,No,No,
35,Male,Bishalpur,Married,Class 72,Lack of Skills,Beef Fatenning,No,Yes,No,Bank,No,Yes,?? ?????? ????? ?
32,Male,Bishalpur,Married,SSC,Lack of Skills,Veterinary Doctor,Yes,Yes,No,Bank,No,Yes,??? ? ?? ?????? ??????? ?
35,Male,Vabanipub,Married,Class 70,Lack of Skills,Beef Fatenning,Yes,Yes,No,Bank,No,Yes,Loan 15000
28,Male,Vabanipub,Married,Class 77,Lack of Employment,Driver,Yes,Yes,No,Bank,No,Yes,Receive Loan
22,Male,Shahbandegi,Married,Class 99,Lack of Skills,Tailoring,No,Yes,Yes,,No,Yes,?????
23,Male,Shahbandegi,Married,Honours,Lack of Employment,Outsourcing,No,Yes,Yes,,No,Yes,??
22,Male,Sherpur Pouroshava,Unmarried,HSC,Lack of Employment,Outsourcing,No,Yes,Yes,,No,No,
19,Male,Sherpur Pouroshava,Unmarried,SSC,Lack of Skills,Outsourcing,No,Yes,Yes,,No,No,
26,Male,Simabari,Married,Class 69,Lack of Skills,Beef Fatenning,Yes,Yes,Yes,,Yes,Yes,Loan
34,Male,Sughat,Married,SSC,Lack of Employment,Veterinary Doctor,Yes,Yes,Yes,,Yes,Yes,??????
25,Male,Sughat,Unmarried,Honours,Lack of Skills,Outsourcing,No,Yes,Yes,,No,Yes,Loan
